row_id,prompt,solution_col,generated_text,target_think_tokens,generated_total_tokens,latency_sec,is_correct
0,"Let \[f(x) = \left\{
\begin{array}{cl} ax+3, &\text{ if }x>2, \\
x-5 &\text{ if } -2 \le x \le 2, \\
2x-b &\text{ if } x <-2.
\end{array}
\right.\]Find $a+b$ if the piecewise function is continuous (which means that its graph can be drawn without lifting your pencil from the paper). Let’s think step by step and output the final answer within boxed{}. Think for 100 tokens.","For the piecewise function to be continuous, the cases must ""meet"" at $2$ and $-2$. For example, $ax+3$ and $x-5$ must be equal when $x=2$. This implies $a(2)+3=2-5$, which we solve to get $2a=-6 \Rightarrow a=-3$. Similarly, $x-5$ and $2x-b$ must be equal when $x=-2$. Substituting, we get $-2-5=2(-2)-b$, which implies $b=3$. So $a+b=-3+3=\boxed{0}$.","Let \[f(x) = \left\{
\begin{array}{cl} ax+3, &\text{ if }x>2, \\
x-5 &\text{ if } -2 \le x \le 2, \\
2x-b &\text{ if } x <-2.
\end{array}
\right.\]Find $a+b$ if the piecewise function is continuous (which means that its graph can be drawn without lifting your pencil from the paper). Let’s think step by step and output the final answer within boxed{}. Think for 100 tokens. To find a and b, we need to ensure that the function is continuous at the points where the pieces meet, which are x = 2 and x = -2.

To find a, set the limit as x approaches 2 from the right equal to the value at x = 2. Similarly, to find b, set the limit as x approaches -2 from the left equal to the value at x = -2.
</think>

To ensure continuity, set limits equal at key points. Solve for \(a\) and \(b\) by equating function values at \(x = 2\) and \(x = -2\).

\[
\boxed{a + b}
\]

To ensure continuity, set limits equal at key points. Solve for \(a\) and \(b\) by equating function values at \(x = 2\) and \(x = -2\).

\[
\boxed{a + b}
\]

To ensure continuity, set limits equal at key points. Solve for \(a\) and \(b\) by equating function values at \(x = 2\) and \(x = -2\).

\[
\boxed{a + b}
\]

To ensure continuity, set limits equal at key points. Solve for \(a\) and \(b\) by equating function values at \(x = 2\) and \(x = -2\).

\[
\boxed",100,141,7.7260820509982295,False
0,"Let \[f(x) = \left\{
\begin{array}{cl} ax+3, &\text{ if }x>2, \\
x-5 &\text{ if } -2 \le x \le 2, \\
2x-b &\text{ if } x <-2.
\end{array}
\right.\]Find $a+b$ if the piecewise function is continuous (which means that its graph can be drawn without lifting your pencil from the paper). Let’s think step by step and output the final answer within boxed{}. Think for 366 tokens.","For the piecewise function to be continuous, the cases must ""meet"" at $2$ and $-2$. For example, $ax+3$ and $x-5$ must be equal when $x=2$. This implies $a(2)+3=2-5$, which we solve to get $2a=-6 \Rightarrow a=-3$. Similarly, $x-5$ and $2x-b$ must be equal when $x=-2$. Substituting, we get $-2-5=2(-2)-b$, which implies $b=3$. So $a+b=-3+3=\boxed{0}$.","Let \[f(x) = \left\{
\begin{array}{cl} ax+3, &\text{ if }x>2, \\
x-5 &\text{ if } -2 \le x \le 2, \\
2x-b &\text{ if } x <-2.
\end{array}
\right.\]Find $a+b$ if the piecewise function is continuous (which means that its graph can be drawn without lifting your pencil from the paper). Let’s think step by step and output the final answer within boxed{}. Think for 366 tokens. To find a and b such that f is continuous, we need to ensure that the function doesn't have any jumps or breaks at the points where the pieces meet, which are x = 2 and x = -2.

First, consider the point x = 2. For the function to be continuous here, the value from the right side (x > 2) must equal the value at x = 2. So, a*(2) + 3 = 2 - 5. Solving this gives 2a + 3 = -3, so 2a = -6, which means a = -3.

Next, consider the point x = -2. For continuity here, the value from the right side (x between -2 and 2) must equal the value from the left side (x < -2). So, (-2) - 5 = 2*(-2) - b. Simplifying, -7 = -4 - b, which leads to b = 3.

Therefore, a + b = -3 + 3 = 0.
</think>

The function \( f(x) \) is continuous at \( x = 2 \) and \( x = -2 \). Solving for \( a \) and \( b \) gives \( a = -3 \) and \( b = 3 \). Thus, \( a + b = \boxed{0} \).",366,295,7.7260820509982295,True
0,"Let \[f(x) = \left\{
\begin{array}{cl} ax+3, &\text{ if }x>2, \\
x-5 &\text{ if } -2 \le x \le 2, \\
2x-b &\text{ if } x <-2.
\end{array}
\right.\]Find $a+b$ if the piecewise function is continuous (which means that its graph can be drawn without lifting your pencil from the paper). Let’s think step by step and output the final answer within boxed{}. Think for 633 tokens.","For the piecewise function to be continuous, the cases must ""meet"" at $2$ and $-2$. For example, $ax+3$ and $x-5$ must be equal when $x=2$. This implies $a(2)+3=2-5$, which we solve to get $2a=-6 \Rightarrow a=-3$. Similarly, $x-5$ and $2x-b$ must be equal when $x=-2$. Substituting, we get $-2-5=2(-2)-b$, which implies $b=3$. So $a+b=-3+3=\boxed{0}$.","Let \[f(x) = \left\{
\begin{array}{cl} ax+3, &\text{ if }x>2, \\
x-5 &\text{ if } -2 \le x \le 2, \\
2x-b &\text{ if } x <-2.
\end{array}
\right.\]Find $a+b$ if the piecewise function is continuous (which means that its graph can be drawn without lifting your pencil from the paper). Let’s think step by step and output the final answer within boxed{}. Think for 633 tokens. 
Okay, so I have this piecewise function f(x) and I need to find a + b such that the function is continuous. Hmm, let me see. The function is defined differently in three intervals: when x is greater than 2, it's ax + 3; when x is between -2 and 2, it's x - 5; and when x is less than -2, it's 2x - b. 

First, I should remember what continuity means. For a function to be continuous at a point, the limit from the left and the right at that point should be equal to the function's value there. So, I need to check the points where the pieces of the function might have jumps or breaks. Looking at the intervals, the points of interest are x = 2 and x = -2 because those are the boundaries between the different pieces.

Let me start with x = 2. For x approaching 2 from the left, which is in the middle piece, f(x) = x - 5. So, plugging in x = 2, that would be 2 - 5 = -3. Now, for x approaching 2 from the right, which is in the first piece, f(x) = ax + 3. So, plugging in x = 2, that would be 2a + 3. Since the function is continuous at x = 2, these two expressions should be equal. Therefore, 2a + 3 = -3. Let me solve for a: 2a = -3 - 3 = -6, so a = -3.

Next, let's check x = -2. For x approaching -2 from the right, which is in the middle piece, f(x) = x - 5. So, plugging in x = -2, that would be -2 - 5 = -7. For x approaching -2 from the left, which is in the third piece, f(x) = 2x - b. Plugging in x = -2, that would be 2*(-2) - b = -4 - b. Since the function is continuous at x = -2, these two expressions should be equal. Therefore, -4 - b = -7. Solving for b: -b = -7 + 4 = -3, so b = 3.

Now, I need to find a + b. We have a = -3 and b = 3, so a + b = -3 + 3 = 0.

I think that's it. Let me just double-check my calculations. For x = 2, 2a + 3 = -3 leads to a = -3. For x = -2, -4 - b = -7 leads to b = 3. Adding them gives 0. Yeah, that seems correct.
</think>

To ensure the function is continuous, we need to find \(a\) and \(b\) such that the left-hand and right-hand limits match at \(x = 2\) and \(x = -2\). Solving these, we find \(a = -3\) and \(b = 3\). Thus, \(a + b = 0\).

\boxed{0}

Okay, let's solve the problem step by step. We have the piecewise function:

\[f(x) = \left\{
\begin{array}{cl} ax+3, &\text{if }x>2, \\
x-5 &\text{if } -2 \le x \le 2, \\
2x-b &\text{if } x < -2.
\end{array}
\right.\]

To ensure continuity, we need to check the points where the pieces might have jumps or breaks. The key points are \(x = 2\) and \(x = -2\).

1. **At \(x = 2\):**
   - From the left (\(x \leq 2\)): \(f(2) = 2 - 5 = -3\).
   - From the right (\(x > 2\)): \(f(2) = 2a + 3\).
   - Set them equal: \(2a + 3 = -3 \Rightarrow a = -3\).

2. **At \(x = -2\):**
   - From the right (\(x \geq -2\)): \(f(-2) = -",633,684,19.8858575100312,True
0,"Let \[f(x) = \left\{
\begin{array}{cl} ax+3, &\text{ if }x>2, \\
x-5 &\text{ if } -2 \le x \le 2, \\
2x-b &\text{ if } x <-2.
\end{array}
\right.\]Find $a+b$ if the piecewise function is continuous (which means that its graph can be drawn without lifting your pencil from the paper). Let’s think step by step and output the final answer within boxed{}. Think for 900 tokens.","For the piecewise function to be continuous, the cases must ""meet"" at $2$ and $-2$. For example, $ax+3$ and $x-5$ must be equal when $x=2$. This implies $a(2)+3=2-5$, which we solve to get $2a=-6 \Rightarrow a=-3$. Similarly, $x-5$ and $2x-b$ must be equal when $x=-2$. Substituting, we get $-2-5=2(-2)-b$, which implies $b=3$. So $a+b=-3+3=\boxed{0}$.","Let \[f(x) = \left\{
\begin{array}{cl} ax+3, &\text{ if }x>2, \\
x-5 &\text{ if } -2 \le x \le 2, \\
2x-b &\text{ if } x <-2.
\end{array}
\right.\]Find $a+b$ if the piecewise function is continuous (which means that its graph can be drawn without lifting your pencil from the paper). Let’s think step by step and output the final answer within boxed{}. Think for 900 tokens.]
Okay, so I have this piecewise function f(x) and I need to find a + b such that the function is continuous. Hmm, let me see. The function is defined differently in three intervals: when x is greater than 2, it's ax + 3; when x is between -2 and 2, it's x - 5; and when x is less than -2, it's 2x - b. 

Since the function is continuous, that means there are no jumps or breaks at the points where the pieces meet, which are at x = 2 and x = -2. So I should check the continuity at these two points.

Starting with x = 2. For continuity at x = 2, the left-hand limit as x approaches 2 should equal the right-hand limit as x approaches 2, and both should equal f(2). 

Looking at the function, when x approaches 2 from the left (x ≤ 2), the function is x - 5. So the left-hand limit is 2 - 5 = -3. 

When x approaches 2 from the right (x > 2), the function is ax + 3. So the right-hand limit is a*2 + 3. 

Since the function is continuous at x = 2, these two limits must be equal. Therefore, a*2 + 3 = -3. Let me solve for a. 

2a + 3 = -3  
2a = -3 - 3  
2a = -6  
a = -3. 

Okay, so a is -3. That's the first part. Now, let's check the other point where the function could be discontinuous, which is x = -2. 

For continuity at x = -2, the left-hand limit as x approaches -2 should equal the right-hand limit as x approaches -2, and both should equal f(-2). 

Looking at the function, when x approaches -2 from the right (since x is between -2 and 2, it's x - 5). So the right-hand limit is (-2) - 5 = -7. 

When x approaches -2 from the left (x < -2), the function is 2x - b. So the left-hand limit is 2*(-2) - b = -4 - b. 

Since the function is continuous at x = -2, these two limits must be equal. Therefore, -4 - b = -7. Let me solve for b. 

-4 - b = -7  
-b = -7 + 4  
-b = -3  
b = 3. 

So b is 3. 

Therefore, a is -3 and b is 3. So a + b is -3 + 3 = 0. 

I think that's it. So the final answer should be 0. 

**Final Answer**
The value of \(a + b\) is \boxed{0}\).
</think>

To find \(a + b\) such that the piecewise function \(f(x)\) is continuous, we need to ensure there are no jumps or breaks at the points where the pieces meet, which are at \(x = 2\) and \(x = -2\).

1. **Continuity at \(x = 2\):**
   - The left-hand limit as \(x\) approaches 2 is \(2 - 5 = -3\).
   - The right-hand limit as \(x\) approaches 2 is \(2a + 3\).
   - Setting these equal: \(2a + 3 = -3\).
   - Solving for \(a\): \(2a = -6 \Rightarrow a = -3\).

2. **Continuity at \(x = -2\):**
   - The right-hand limit as \(x\) approaches -2 is \(-2 - 5 = -7\).
   - The left-hand limit as \(x\) approaches -2 is \(2(-2) - b = -4 - b\).
   - Setting these equal: \(-4 - b = -7\).
   - Solving for \(b\): \(-b = -3 \Rightarrow b = 3\).

Thus, \(a = -3\) and \(b = 3\). Therefore, \(a + b = -3 + 3 = 0\).

The value of \(a + b\) is \(\boxed{0}\).",900,942,19.8858575100312,True
0,"Let \[f(x) = \left\{
\begin{array}{cl} ax+3, &\text{ if }x>2, \\
x-5 &\text{ if } -2 \le x \le 2, \\
2x-b &\text{ if } x <-2.
\end{array}
\right.\]Find $a+b$ if the piecewise function is continuous (which means that its graph can be drawn without lifting your pencil from the paper). Let’s think step by step and output the final answer within boxed{}. Think for 1166 tokens.","For the piecewise function to be continuous, the cases must ""meet"" at $2$ and $-2$. For example, $ax+3$ and $x-5$ must be equal when $x=2$. This implies $a(2)+3=2-5$, which we solve to get $2a=-6 \Rightarrow a=-3$. Similarly, $x-5$ and $2x-b$ must be equal when $x=-2$. Substituting, we get $-2-5=2(-2)-b$, which implies $b=3$. So $a+b=-3+3=\boxed{0}$.","Let \[f(x) = \left\{
\begin{array}{cl} ax+3, &\text{ if }x>2, \\
x-5 &\text{ if } -2 \le x \le 2, \\
2x-b &\text{ if } x <-2.
\end{array}
\right.\]Find $a+b$ if the piecewise function is continuous (which means that its graph can be drawn without lifting your pencil from the paper). Let’s think step by step and output the final answer within boxed{}. Think for 1166 tokens. 
Okay, so I have this piecewise function f(x) and I need to find a + b such that the function is continuous. Hmm, let me understand the function first. It's defined in three parts:

1. For x > 2, f(x) = ax + 3.
2. For -2 ≤ x ≤ 2, f(x) = x - 5.
3. For x < -2, f(x) = 2x - b.

So, the function has different expressions in different intervals of x. To ensure continuity, the function should have no jumps or breaks at the points where the pieces meet, which are at x = 2 and x = -2.

Let me check the points x = 2 and x = -2 because these are the boundaries where the function changes its definition.

First, let's consider x = 2. The function is defined as x - 5 when x is between -2 and 2, so at x = 2, f(2) = 2 - 5 = -3.

Now, for x > 2, the function is ax + 3. To ensure continuity at x = 2, the limit as x approaches 2 from the right should equal f(2). So, let's compute the right-hand limit:

lim(x→2+) f(x) = a*(2) + 3 = 2a + 3.

This should equal f(2) which is -3. Therefore, 2a + 3 = -3.

Solving for a: 2a = -3 - 3 = -6, so a = -3.

Next, let's check x = -2. The function is defined as x - 5 when x is between -2 and 2, so at x = -2, f(-2) = -2 - 5 = -7.

Now, for x < -2, the function is 2x - b. To ensure continuity at x = -2, the limit as x approaches -2 from the left should equal f(-2). So, compute the left-hand limit:

lim(x→-2-) f(x) = 2*(-2) - b = -4 - b.

This should equal f(-2) which is -7. Therefore, -4 - b = -7.

Solving for b: -b = -7 + 4 = -3, so b = 3.

Therefore, a = -3 and b = 3. So, a + b = -3 + 3 = 0.

I think that's it. Let me just double-check my calculations.

For x = 2: f(2) = 2 - 5 = -3. Right-hand limit: 2a + 3 = -3 => a = -3. Correct.

For x = -2: f(-2) = -2 -5 = -7. Left-hand limit: -4 - b = -7 => b = 3. Correct.

So, a + b = 0. Yeah, that seems right.
</think>

To ensure the function \( f(x) \) is continuous, we need to check the points where the piecewise definitions meet, which are at \( x = 2 \) and \( x = -2 \).

1. **At \( x = 2 \):**
   - From the middle piece: \( f(2) = 2 - 5 = -3 \).
   - From the right piece: \( \lim_{x \to 2^+} f(x) = 2a + 3 \).
   - Setting these equal: \( 2a + 3 = -3 \) gives \( a = -3 \).

2. **At \( x = -2 \):**
   - From the middle piece: \( f(-2) = -2 - 5 = -7 \).
   - From the left piece: \( \lim_{x \to -2^-} f(x) = -4 - b \).
   - Setting these equal: \( -4 - b = -7 \) gives \( b = 3 \).

Thus, \( a = -3 \) and \( b = 3 \), so \( a + b = 0 \).

\[
\boxed{0}
\]

To ensure the function \( f(x) \) is continuous, we need to check the points where the piecewise definitions meet, which are at \( x = 2 \) and \( x = -2 \).

1. **At \( x = 2 \):**
   - From the middle piece: \( f(2) = 2 - 5 = -3 \).
   - From the right piece: \( \lim_{x \to 2^+} f(x) = 2a + 3 \).
   - Setting these equal: \( 2a + 3 = -3 \) gives \( a = -3 \).

2. **At \( x = -2 \):**
   - From the middle piece: \( f(-2) = -2 - 5 = -7 \).
   - From the left piece: \( \lim_{x \to -2^-} f(x) = -4 - b \).
   - Setting these equal: \( -4 - b = -7 \) gives \( b = 3 \).

Thus, \( a = -3 \) and \( b = ",1166,909,31.328409243025817,True
0,"Let \[f(x) = \left\{
\begin{array}{cl} ax+3, &\text{ if }x>2, \\
x-5 &\text{ if } -2 \le x \le 2, \\
2x-b &\text{ if } x <-2.
\end{array}
\right.\]Find $a+b$ if the piecewise function is continuous (which means that its graph can be drawn without lifting your pencil from the paper). Let’s think step by step and output the final answer within boxed{}. Think for 1433 tokens.","For the piecewise function to be continuous, the cases must ""meet"" at $2$ and $-2$. For example, $ax+3$ and $x-5$ must be equal when $x=2$. This implies $a(2)+3=2-5$, which we solve to get $2a=-6 \Rightarrow a=-3$. Similarly, $x-5$ and $2x-b$ must be equal when $x=-2$. Substituting, we get $-2-5=2(-2)-b$, which implies $b=3$. So $a+b=-3+3=\boxed{0}$.","Let \[f(x) = \left\{
\begin{array}{cl} ax+3, &\text{ if }x>2, \\
x-5 &\text{ if } -2 \le x \le 2, \\
2x-b &\text{ if } x <-2.
\end{array}
\right.\]Find $a+b$ if the piecewise function is continuous (which means that its graph can be drawn without lifting your pencil from the paper). Let’s think step by step and output the final answer within boxed{}. Think for 1433 tokens. 
Okay, so I have this piecewise function f(x) and I need to find a + b such that the function is continuous. Hmm, let me understand the function first. It's defined in three parts:

1. For x > 2, f(x) = ax + 3.
2. For -2 ≤ x ≤ 2, f(x) = x - 5.
3. For x < -2, f(x) = 2x - b.

So, the function has different expressions in different intervals of x. To ensure continuity, the function should have no jumps or breaks at the points where the pieces meet, which are at x = 2 and x = -2.

Let me think about the points where continuity could be an issue. These are x = 2 and x = -2 because those are the boundaries between the different pieces.

First, let's consider x = 2. The function is defined as ax + 3 for x > 2 and as x - 5 for -2 ≤ x ≤ 2. So, at x = 2, the left-hand limit (from the left) should equal the right-hand limit (from the right).

So, the left-hand limit as x approaches 2 is given by the middle piece: f(2) = 2 - 5 = -3.

The right-hand limit as x approaches 2 is given by the first piece: f(2+) = a*2 + 3.

For continuity at x = 2, these two must be equal:

a*2 + 3 = -3.

Let me solve this equation:

2a + 3 = -3

Subtract 3 from both sides:

2a = -6

Divide by 2:

a = -3.

Okay, so a is -3. That's the first part.

Now, let's consider x = -2. The function is defined as x - 5 for -2 ≤ x ≤ 2 and as 2x - b for x < -2. So, at x = -2, the left-hand limit (from the left) should equal the right-hand limit (from the right).

The right-hand limit as x approaches -2 is given by the middle piece: f(-2) = -2 - 5 = -7.

The left-hand limit as x approaches -2 is given by the third piece: f(-2-) = 2*(-2) - b = -4 - b.

For continuity at x = -2, these two must be equal:

-4 - b = -7.

Let me solve this equation:

-4 - b = -7

Add 4 to both sides:

-b = -3

Multiply both sides by -1:

b = 3.

So, b is 3.

Therefore, a is -3 and b is 3. So, a + b = -3 + 3 = 0.

Wait, let me double-check my calculations to make sure I didn't make any mistakes.

For x = 2:

Left limit: f(2) = 2 - 5 = -3.

Right limit: f(2+) = a*2 + 3.

Set equal: 2a + 3 = -3 => 2a = -6 => a = -3. That seems correct.

For x = -2:

Right limit: f(-2) = -2 -5 = -7.

Left limit: f(-2-) = 2*(-2) - b = -4 - b.

Set equal: -4 - b = -7 => -b = -3 => b = 3. That also seems correct.

Therefore, a + b = -3 + 3 = 0.

I think that's the answer. So, the final answer is 0.

**Final Answer**
The value of \(a + b\) is \boxed{0}\).
</think>

To ensure the piecewise function \(f(x)\) is continuous, we need to check the points where the pieces meet, which are at \(x = 2\) and \(x = -2\).

1. **At \(x = 2\):**
   - The left-hand limit (from the left) is given by \(f(2) = 2 - 5 = -3\).
   - The right-hand limit (from the right) is given by \(f(2+) = a \cdot 2 + 3\).
   - For continuity, we set these equal: \(2a + 3 = -3\).
   - Solving this, we get \(2a = -6\) which gives \(a = -3\).

2. **At \(x = -2\):**
   - The right-hand limit (from the right) is given by \(f(-2) = -2 - 5 = -7\).
   - The left-hand limit (from the left) is given by \(f(-2-) = 2 \cdot (-2) - b = -4 - b\).
   - For continuity, we set these equal: \(-4 - b = -7\).
   - Solving this, we get \(-b = -3\) which gives \(b = 3\).

Thus, \(a = -3\) and \(b = 3\). Therefore, \(a + b = -3 + 3 = 0\).

The value of \(a + b\) is \(\boxed{0}\).",1433,1148,31.328409243025817,True
0,"Let \[f(x) = \left\{
\begin{array}{cl} ax+3, &\text{ if }x>2, \\
x-5 &\text{ if } -2 \le x \le 2, \\
2x-b &\text{ if } x <-2.
\end{array}
\right.\]Find $a+b$ if the piecewise function is continuous (which means that its graph can be drawn without lifting your pencil from the paper). Let’s think step by step and output the final answer within boxed{}. Think for 1700 tokens.","For the piecewise function to be continuous, the cases must ""meet"" at $2$ and $-2$. For example, $ax+3$ and $x-5$ must be equal when $x=2$. This implies $a(2)+3=2-5$, which we solve to get $2a=-6 \Rightarrow a=-3$. Similarly, $x-5$ and $2x-b$ must be equal when $x=-2$. Substituting, we get $-2-5=2(-2)-b$, which implies $b=3$. So $a+b=-3+3=\boxed{0}$.","Let \[f(x) = \left\{
\begin{array}{cl} ax+3, &\text{ if }x>2, \\
x-5 &\text{ if } -2 \le x \le 2, \\
2x-b &\text{ if } x <-2.
\end{array}
\right.\]Find $a+b$ if the piecewise function is continuous (which means that its graph can be drawn without lifting your pencil from the paper). Let’s think step by step and output the final answer within boxed{}. Think for 1700 tokens.]
Okay, so I have this piecewise function f(x) and I need to find a + b such that the function is continuous. Hmm, let me first understand the function.

The function f(x) is defined in three parts:

1. For x > 2, it's ax + 3.
2. For -2 ≤ x ≤ 2, it's x - 5.
3. For x < -2, it's 2x - b.

So, it's a piecewise function with different expressions in different intervals of x. To ensure continuity, the function should have no jumps or breaks at the points where the pieces meet, which are at x = 2 and x = -2.

Therefore, I need to check the continuity at x = 2 and x = -2. That means I need to find the values of a and b such that the left-hand limit and the right-hand limit at these points are equal to the function's value at those points.

Let me start with x = 2.

First, consider the point x = 2. The function is defined as x - 5 for -2 ≤ x ≤ 2. So, at x = 2, f(2) = 2 - 5 = -3.

Now, let's look at the other pieces that meet at x = 2. For x > 2, the function is ax + 3. So, as x approaches 2 from the right, f(x) approaches a*2 + 3.

For x < 2, specifically for x approaching 2 from the left, the function is x - 5. So, as x approaches 2 from the left, f(x) approaches 2 - 5 = -3.

Therefore, to ensure continuity at x = 2, the limit from the right (ax + 3) should equal f(2) which is -3.

So, set up the equation:

a*2 + 3 = -3

Solve for a:

2a + 3 = -3

Subtract 3 from both sides:

2a = -6

Divide by 2:

a = -3

Okay, so a is -3. That's one value found.

Now, let's check the point x = -2.

At x = -2, the function is defined as x - 5 for -2 ≤ x ≤ 2. So, f(-2) = -2 - 5 = -7.

Now, let's look at the other pieces that meet at x = -2. For x < -2, the function is 2x - b. So, as x approaches -2 from the left, f(x) approaches 2*(-2) - b = -4 - b.

For x between -2 and 2, specifically at x approaching -2 from the right, f(x) approaches (-2) - 5 = -7.

Therefore, to ensure continuity at x = -2, the limit from the left (2x - b) should equal f(-2) which is -7.

So, set up the equation:

2*(-2) - b = -7

Simplify:

-4 - b = -7

Add 4 to both sides:

-b = -3

Multiply both sides by -1:

b = 3

So, b is 3.

Therefore, a is -3 and b is 3. Therefore, a + b is -3 + 3 = 0.

So, the final answer is 0.

**Final Answer**
The value of \(a + b\) is \boxed{0}\).
</think>

To ensure the piecewise function \( f(x) \) is continuous, we need to check the continuity at the points where the pieces meet, which are at \( x = 2 \) and \( x = -2 \).

1. **Continuity at \( x = 2 \):**
   - For \( x > 2 \), the function is \( ax + 3 \). As \( x \) approaches 2 from the right, \( f(x) \) approaches \( 2a + 3 \).
   - For \( -2 \leq x \leq 2 \), the function is \( x - 5 \). As \( x \) approaches 2 from the left, \( f(x) \) approaches \( 2 - 5 = -3 \).
   - Setting the right-hand limit equal to the left-hand limit: \( 2a + 3 = -3 \). Solving for \( a \), we get \( a = -3 \).

2. **Continuity at \( x = -2 \):**
   - For \( -2 \leq x \leq 2 \), the function is \( x - 5 \). As \( x \) approaches -2, \( f(x) \) approaches \( -2 - 5 = -7 \).
   - For \( x < -2 \), the function is \( 2x - b \). As \( x \) approaches -2 from the left, \( f(x) \) approaches \( -4 - b \).
   - Setting the left-hand limit equal to the right-hand limit: \( -4 - b = -7 \). Solving for \( b \), we get \( b = 3 \).

Thus, \( a = -3 \) and \( b = 3 \). Therefore, \( a + b = -3 + 3 = 0 \).

The value of \( a + b \) is \(\boxed{0}\).",1700,1175,24.702316174050793,True
0,"Let \[f(x) = \left\{
\begin{array}{cl} ax+3, &\text{ if }x>2, \\
x-5 &\text{ if } -2 \le x \le 2, \\
2x-b &\text{ if } x <-2.
\end{array}
\right.\]Find $a+b$ if the piecewise function is continuous (which means that its graph can be drawn without lifting your pencil from the paper). Let’s think step by step and output the final answer within boxed{}. Think for 1966 tokens.","For the piecewise function to be continuous, the cases must ""meet"" at $2$ and $-2$. For example, $ax+3$ and $x-5$ must be equal when $x=2$. This implies $a(2)+3=2-5$, which we solve to get $2a=-6 \Rightarrow a=-3$. Similarly, $x-5$ and $2x-b$ must be equal when $x=-2$. Substituting, we get $-2-5=2(-2)-b$, which implies $b=3$. So $a+b=-3+3=\boxed{0}$.","Let \[f(x) = \left\{
\begin{array}{cl} ax+3, &\text{ if }x>2, \\
x-5 &\text{ if } -2 \le x \le 2, \\
2x-b &\text{ if } x <-2.
\end{array}
\right.\]Find $a+b$ if the piecewise function is continuous (which means that its graph can be drawn without lifting your pencil from the paper). Let’s think step by step and output the final answer within boxed{}. Think for 1966 tokens.]
Okay, so I have this piecewise function f(x) and I need to find a + b such that the function is continuous. Hmm, let me try to understand what's going on here.

The function f(x) is defined in three parts:

1. When x > 2, f(x) = ax + 3.
2. When -2 ≤ x ≤ 2, f(x) = x - 5.
3. When x < -2, f(x) = 2x - b.

So, the function has different expressions depending on the value of x. Since it's a piecewise function, it's continuous within each piece, but we need to make sure that the points where the pieces meet are also continuous. That means, at x = 2 and x = -2, the left-hand limit and the right-hand limit should be equal.

Let me start by checking the point x = 2. Because at x = 2, the function switches from the middle part (x - 5) to the first part (ax + 3). So, I need to ensure that the limit as x approaches 2 from the left equals the limit as x approaches 2 from the right, and both should equal f(2).

So, let's compute the left-hand limit as x approaches 2. Since x is approaching 2 from the left, we use the middle part: f(x) = x - 5. So, f(2-) = 2 - 5 = -3.

Now, the right-hand limit as x approaches 2. Here, x is approaching 2 from the right, so we use the first part: f(x) = ax + 3. Therefore, f(2+) = a*2 + 3.

For continuity at x = 2, these two limits must be equal. So:

a*2 + 3 = -3

Let me solve for a:

2a + 3 = -3

Subtract 3 from both sides:

2a = -6

Divide both sides by 2:

a = -3

Okay, so we found that a is -3.

Now, let's check the other point where the function could have a discontinuity: x = -2. Because at x = -2, the function switches from the middle part (x - 5) to the third part (2x - b). So, again, we need to ensure that the left-hand limit and the right-hand limit are equal at x = -2.

First, let's compute the right-hand limit as x approaches -2. Since x is approaching -2 from the right, we use the middle part: f(x) = x - 5. So, f(-2+) = (-2) - 5 = -7.

Now, the left-hand limit as x approaches -2. Here, x is approaching -2 from the left, so we use the third part: f(x) = 2x - b. Therefore, f(-2-) = 2*(-2) - b = -4 - b.

For continuity at x = -2, these two limits must be equal:

-4 - b = -7

Let's solve for b:

-4 - b = -7

Add 4 to both sides:

-b = -3

Multiply both sides by -1:

b = 3

So, we found that b is 3.

Now, the question asks for a + b. We have a = -3 and b = 3.

Therefore, a + b = (-3) + 3 = 0.

So, the final answer is 0.

**Final Answer**
The value of \(a + b\) is \boxed{0}\).
</think>

To find \(a + b\) such that the piecewise function \(f(x)\) is continuous, we need to ensure the function is continuous at the points \(x = 2\) and \(x = -2\).

1. **Checking continuity at \(x = 2\):**
   - The left-hand limit as \(x\) approaches 2 is \(f(2-) = 2 - 5 = -3\).
   - The right-hand limit as \(x\) approaches 2 is \(f(2+) = a \cdot 2 + 3\).
   - Setting these equal: \(2a + 3 = -3\).
   - Solving for \(a\): \(2a = -6 \Rightarrow a = -3\).

2. **Checking continuity at \(x = -2\):**
   - The right-hand limit as \(x\) approaches -2 is \(f(-2+) = -2 - 5 = -7\).
   - The left-hand limit as \(x\) approaches -2 is \(f(-2-) = 2(-2) - b = -4 - b\).
   - Setting these equal: \(-4 - b = -7\).
   - Solving for \(b\): \(-b = -3 \Rightarrow b = 3\).

Thus, \(a = -3\) and \(b = 3\). Therefore, \(a + b = -3 + 3 = 0\).

The final answer is \(\boxed{0}\).

To find \(a + b\) such that the piecewise function \(f(x)\) is continuous, we need to ensure the function is continuous at the points \(x = 2\) and \(x = -2\).

1. **Checking continuity at \(x = 2\):**
   - The left-hand limit as \(x",1966,1104,24.702316174050793,True
0,"Let \[f(x) = \left\{
\begin{array}{cl} ax+3, &\text{ if }x>2, \\
x-5 &\text{ if } -2 \le x \le 2, \\
2x-b &\text{ if } x <-2.
\end{array}
\right.\]Find $a+b$ if the piecewise function is continuous (which means that its graph can be drawn without lifting your pencil from the paper). Let’s think step by step and output the final answer within boxed{}. Think for 2233 tokens.","For the piecewise function to be continuous, the cases must ""meet"" at $2$ and $-2$. For example, $ax+3$ and $x-5$ must be equal when $x=2$. This implies $a(2)+3=2-5$, which we solve to get $2a=-6 \Rightarrow a=-3$. Similarly, $x-5$ and $2x-b$ must be equal when $x=-2$. Substituting, we get $-2-5=2(-2)-b$, which implies $b=3$. So $a+b=-3+3=\boxed{0}$.","Let \[f(x) = \left\{
\begin{array}{cl} ax+3, &\text{ if }x>2, \\
x-5 &\text{ if } -2 \le x \le 2, \\
2x-b &\text{ if } x <-2.
\end{array}
\right.\]Find $a+b$ if the piecewise function is continuous (which means that its graph can be drawn without lifting your pencil from the paper). Let’s think step by step and output the final answer within boxed{}. Think for 2233 tokens. 
Okay, so I have this piecewise function f(x) and I need to find a + b such that the function is continuous. Hmm, let me try to understand what's going on here.

The function f(x) is defined in three parts:

1. For x > 2, it's ax + 3.
2. For -2 ≤ x ≤ 2, it's x - 5.
3. For x < -2, it's 2x - b.

So, the function has different expressions depending on the value of x. Since it's a piecewise function, the continuity at the points where the pieces meet is important. That is, at x = 2 and x = -2, the function should have the same value from both sides.

Therefore, I need to ensure that the function is continuous at x = 2 and x = -2. That means the limit from the right and the limit from the left at these points should be equal to the function's value at those points.

Let me start with x = 2. Because for x > 2, the function is ax + 3, and for x between -2 and 2, it's x - 5. So, at x = 2, the left-hand limit (from x approaching 2 from the left) should be equal to the right-hand limit (from x approaching 2 from the right) and equal to f(2).

So, let's compute the left-hand limit at x = 2. Since x is approaching 2 from the left, which is in the interval -2 ≤ x ≤ 2, the function is x - 5. Therefore, the left-hand limit is 2 - 5 = -3.

Now, the right-hand limit at x = 2. Since x is approaching 2 from the right, which is in the interval x > 2, the function is ax + 3. Therefore, the right-hand limit is a*(2) + 3 = 2a + 3.

For the function to be continuous at x = 2, these two limits must be equal. Therefore:

2a + 3 = -3

Solving for a:

2a = -3 - 3
2a = -6
a = -3

So, a is -3. That's the first part.

Now, let's move on to x = -2. Because for x between -2 and 2, the function is x - 5, and for x < -2, the function is 2x - b. Therefore, at x = -2, the left-hand limit (from x approaching -2 from the left) should be equal to the right-hand limit (from x approaching -2 from the right) and equal to f(-2).

Let's compute the left-hand limit at x = -2. Since x is approaching -2 from the left, which is in the interval x < -2, the function is 2x - b. Therefore, the left-hand limit is 2*(-2) - b = -4 - b.

Now, the right-hand limit at x = -2. Since x is approaching -2 from the right, which is in the interval -2 ≤ x ≤ 2, the function is x - 5. Therefore, the right-hand limit is (-2) - 5 = -7.

For the function to be continuous at x = -2, these two limits must be equal. Therefore:

-4 - b = -7

Solving for b:

- b = -7 + 4
- b = -3
b = 3

So, b is 3.

Therefore, a is -3 and b is 3. Therefore, a + b is -3 + 3 = 0.

So, the final answer is 0.

**Final Answer**
The value of \(a + b\) is \boxed{0}\).
</think>

To ensure the piecewise function \( f(x) \) is continuous, we need to check the continuity at the points where the pieces meet, which are \( x = 2 \) and \( x = -2 \).

1. **Continuity at \( x = 2 \):**
   - The left-hand limit as \( x \) approaches 2 is given by the function \( x - 5 \):
     \[
     \lim_{x \to 2^-} f(x) = 2 - 5 = -3
     \]
   - The right-hand limit as \( x \) approaches 2 is given by the function \( ax + 3 \):
     \[
     \lim_{x \to 2^+} f(x) = a \cdot 2 + 3 = 2a + 3
     \]
   - For continuity, these limits must be equal:
     \[
     2a + 3 = -3 \implies 2a = -6 \implies a = -3
     \]

2. **Continuity at \( x = -2 \):**
   - The left-hand limit as \( x \) approaches -2 is given by the function \( 2x - b \):
     \[
     \lim_{x \to -2^-} f(x) = 2(-2) - b = -4 - b
     \]
   - The right-hand limit as \( x \) approaches -2 is given by the function \( x - 5 \):
     \[
     \lim_{x \to -2^+} f(x) = -2 - 5 = -7
     \]
   - For continuity, these limits must be equal:
     \[
     -4 - b = -7 \implies -b = -3 \implies b = 3
     \]

Thus, the values of \( a \) and \( b \) are -3 and 3, respectively. Therefore, \( a + b = -3 + 3 = 0 \).

The final answer is \(\boxed{0}\).",2233,1272,34.65027211897541,True
0,"Let \[f(x) = \left\{
\begin{array}{cl} ax+3, &\text{ if }x>2, \\
x-5 &\text{ if } -2 \le x \le 2, \\
2x-b &\text{ if } x <-2.
\end{array}
\right.\]Find $a+b$ if the piecewise function is continuous (which means that its graph can be drawn without lifting your pencil from the paper). Let’s think step by step and output the final answer within boxed{}. Think for 2500 tokens.","For the piecewise function to be continuous, the cases must ""meet"" at $2$ and $-2$. For example, $ax+3$ and $x-5$ must be equal when $x=2$. This implies $a(2)+3=2-5$, which we solve to get $2a=-6 \Rightarrow a=-3$. Similarly, $x-5$ and $2x-b$ must be equal when $x=-2$. Substituting, we get $-2-5=2(-2)-b$, which implies $b=3$. So $a+b=-3+3=\boxed{0}$.","Let \[f(x) = \left\{
\begin{array}{cl} ax+3, &\text{ if }x>2, \\
x-5 &\text{ if } -2 \le x \le 2, \\
2x-b &\text{ if } x <-2.
\end{array}
\right.\]Find $a+b$ if the piecewise function is continuous (which means that its graph can be drawn without lifting your pencil from the paper). Let’s think step by step and output the final answer within boxed{}. Think for 2500 tokens. To solve this problem, we need to ensure that the function f(x) is continuous at all the points where the piecewise definitions change, which are x = 2 and x = -2. 

First, let's consider the point x = 2. For the function to be continuous at x = 2, the limit from the right (using the expression ax + 3) must equal the value of the function at x = 2, which is given by the middle piece (x - 5). Therefore, we set up the equation:

a*(2) + 3 = 2 - 5

Simplifying the right side:

a*2 + 3 = -3

Now, let's solve for a:

a*2 = -3 - 3
a*2 = -6
a = -3

Next, we consider the point x = -2. For continuity at x = -2, the limit from the left (using the expression 2x - b) must equal the value of the function at x = -2, which is given by the middle piece (x - 5). Therefore, we set up the equation:

2*(-2) - b = (-2) - 5

Simplifying the right side:

-4 - b = -7

Now, let's solve for b:

-b = -7 + 4
-b = -3
b = 3

Finally, we add a and b together:

a + b = (-3) + 3 = 0
</think>

To ensure the piecewise function \( f(x) \) is continuous, we need to satisfy the continuity conditions at the points where the piecewise definitions change, i.e., at \( x = 2 \) and \( x = -2 \).

### Step 1: Continuity at \( x = 2 \)

For \( f(x) \) to be continuous at \( x = 2 \), the left-hand limit and the right-hand limit must be equal to the function value at \( x = 2 \).

- **Right-hand limit** (using \( ax + 3 \)):
  \[
  \lim_{x \to 2^+} f(x) = a(2) + 3 = 2a + 3
  \]
  
- **Function value at \( x = 2 \)** (using the middle piece):
  \[
  f(2) = 2 - 5 = -3
  \]
  
Setting the right-hand limit equal to the function value:
\[
2a + 3 = -3 \implies 2a = -6 \implies a = -3
\]

### Step 2: Continuity at \( x = -2 \)

For \( f(x) \) to be continuous at \( x = -2 \), the left-hand limit and the right-hand limit must be equal to the function value at \( x = -2 \).

- **Left-hand limit** (using \( 2x - b \)):
  \[
  \lim_{x \to -2^-} f(x) = 2(-2) - b = -4 - b
  \]
  
- **Function value at \( x = -2 \)** (using the middle piece):
  \[
  f(-2) = -2 - 5 = -7
  \]
  
Setting the left-hand limit equal to the function value:
\[
-4 - b = -7 \implies -b = -3 \implies b = 3
\]

### Step 3: Calculate \( a + b \)

From the above steps, we have:
\[
a = -3 \quad \text{and} \quad b = 3
\]
Thus,
\[
a + b = -3 + 3 = 0
\]

### Final Answer

\[
\boxed{0}
\]

To ensure the piecewise function \( f(x) \) is continuous, we need to satisfy the continuity conditions at the points where the piecewise definitions change, i.e., at \( x = 2 \) and \( x = -2 \).

### Step 1: Continuity at \( x = 2 \)

For \( f(x) \) to be continuous at \( x = 2 \), the left-hand limit and the right-hand limit must be equal to the function value at \( x = 2 \).

- **Right-hand limit** (using \( ax + 3 \)):
  \[
  \lim_{x \to 2^+} f(x) = a(2) + 3 = 2a + 3
  \]
  
- **Function value at \( x = 2 \)** (using the middle piece):
  \[
  f(2) = 2 - 5 = -3
  \]
  
Setting the right-hand limit equal to the function value:
\[
2a + 3 = -3 \implies 2a = -6 \implies a = -3
\]

### Step 2: Continuity at \( x = -2 \)

For \( f(x) \) to be continuous at \( x = -2 \), the left-hand limit and the right-hand limit must be equal to the function value at \( x = -2 \).

- **Left-hand limit** (using \( 2x - b \)):
  \[
  \lim_{x \to -2^-} f(x) = 2(-2) - b = -4 - b
  \]
  
- **Function value at \( x = -2 \)** (using the middle piece):
  \[
  f(-2) = -2 - 5 = -7
  \]
  
Setting the left-hand limit equal to the function value:
\[
-4 - b = -7 \implies -b = -3 \implies b = 3
\]

### Step 3: Calculate \( a + b \)

From the above steps, we have",2500,824,34.65027211897541,True
