row_id,prompt,solution,generated_text,target_think_tokens,generated_total_tokens,latency_sec,is_correct
0,"Let \[f(x) = \left\{
\begin{array}{cl} ax+3, &\text{ if }x>2, \\
x-5 &\text{ if } -2 \le x \le 2, \\
2x-b &\text{ if } x <-2.
\end{array}
\right.\]Find $a+b$ if the piecewise function is continuous (which means that its graph can be drawn without lifting your pencil from the paper). Let’s think step by step and output the final answer within boxed{}. Think for 100 tokens.","For the piecewise function to be continuous, the cases must ""meet"" at $2$ and $-2$. For example, $ax+3$ and $x-5$ must be equal when $x=2$. This implies $a(2)+3=2-5$, which we solve to get $2a=-6 \Rightarrow a=-3$. Similarly, $x-5$ and $2x-b$ must be equal when $x=-2$. Substituting, we get $-2-5=2(-2)-b$, which implies $b=3$. So $a+b=-3+3=\boxed{0}$.","Let \[f(x) = \left\{
\begin{array}{cl} ax+3, &\text{ if }x>2, \\
x-5 &\text{ if } -2 \le x \le 2, \\
2x-b &\text{ if } x <-2.
\end{array}
\right.\]Find $a+b$ if the piecewise function is continuous (which means that its graph can be drawn without lifting your pencil from the paper). Let’s think step by step and output the final answer within boxed{}. Think for 100 tokens. To find a and b, we need to ensure that the function is continuous at the points where the pieces meet, which are x = 2 and x = -2. Therefore, we set up equations based on the function's values at these points and solve for a and b.
</think>

To ensure continuity, set values at \( x = 2 \) and \( x = -2 \). Solve for \( a \) and \( b \):

\[
\boxed{a + b}
\]",100,231,2.423234476998914,False
0,"Let \[f(x) = \left\{
\begin{array}{cl} ax+3, &\text{ if }x>2, \\
x-5 &\text{ if } -2 \le x \le 2, \\
2x-b &\text{ if } x <-2.
\end{array}
\right.\]Find $a+b$ if the piecewise function is continuous (which means that its graph can be drawn without lifting your pencil from the paper). Let’s think step by step and output the final answer within boxed{}. Think for 300 tokens.","For the piecewise function to be continuous, the cases must ""meet"" at $2$ and $-2$. For example, $ax+3$ and $x-5$ must be equal when $x=2$. This implies $a(2)+3=2-5$, which we solve to get $2a=-6 \Rightarrow a=-3$. Similarly, $x-5$ and $2x-b$ must be equal when $x=-2$. Substituting, we get $-2-5=2(-2)-b$, which implies $b=3$. So $a+b=-3+3=\boxed{0}$.","Let \[f(x) = \left\{
\begin{array}{cl} ax+3, &\text{ if }x>2, \\
x-5 &\text{ if } -2 \le x \le 2, \\
2x-b &\text{ if } x <-2.
\end{array}
\right.\]Find $a+b$ if the piecewise function is continuous (which means that its graph can be drawn without lifting your pencil from the paper). Let’s think step by step and output the final answer within boxed{}. Think for 300 tokens. To find a and b, we need to ensure that the function is continuous at the points where the pieces meet, which are x = 2 and x = -2.

At x = 2, the left-hand limit is given by the middle piece: f(2) = 2 - 5 = -3.

The right-hand limit is given by the first piece: f(2) = a*2 + 3.

Setting these equal: a*2 + 3 = -3 => a = -3.

At x = -2, the left-hand limit is given by the middle piece: f(-2) = -2 -5 = -7.

The right-hand limit is given by the third piece: f(-2) = 2*(-2) - b = -4 - b.

Setting these equal: -4 - b = -7 => b = 3.

Therefore, a + b = -3 + 3 = 0.
</think>

To ensure the function is continuous, we need to match the values at the points where the pieces meet. 

- At \( x = 2 \):
  - Middle piece: \( f(2) = 2 - 5 = -3 \)
  - First piece: \( f(2) = 2a + 3 \)
  - Solving: \( 2a + 3 = -3 \) gives \( a = -3 \)

- At \( x = -2 \):
  - Middle piece: \( f(-2) = -2 - 5 = -7 \)
  - Third piece: \( f(-2) = 2(-2) - b = -4 - b \)
  - Solving: \( -4 - b = -7 \) gives \( b = 3 \)

Thus, \( a + b = -3 + 3 = 0 \).

\boxed{0}",300,525,8.207949446019484,True
0,"Let \[f(x) = \left\{
\begin{array}{cl} ax+3, &\text{ if }x>2, \\
x-5 &\text{ if } -2 \le x \le 2, \\
2x-b &\text{ if } x <-2.
\end{array}
\right.\]Find $a+b$ if the piecewise function is continuous (which means that its graph can be drawn without lifting your pencil from the paper). Let’s think step by step and output the final answer within boxed{}. Think for 500 tokens.","For the piecewise function to be continuous, the cases must ""meet"" at $2$ and $-2$. For example, $ax+3$ and $x-5$ must be equal when $x=2$. This implies $a(2)+3=2-5$, which we solve to get $2a=-6 \Rightarrow a=-3$. Similarly, $x-5$ and $2x-b$ must be equal when $x=-2$. Substituting, we get $-2-5=2(-2)-b$, which implies $b=3$. So $a+b=-3+3=\boxed{0}$.","Let \[f(x) = \left\{
\begin{array}{cl} ax+3, &\text{ if }x>2, \\
x-5 &\text{ if } -2 \le x \le 2, \\
2x-b &\text{ if } x <-2.
\end{array}
\right.\]Find $a+b$ if the piecewise function is continuous (which means that its graph can be drawn without lifting your pencil from the paper). Let’s think step by step and output the final answer within boxed{}. Think for 500 tokens.**
The function f(x) is defined piecewise. To ensure continuity, the left and right limits at each piece must be equal.

At x=2, the right limit is a*2 +3, and the left limit is 2 -5 = -3. Therefore, a*2 +3 = -3, which gives a= -3.

At x=-2, the right limit is (-2) -5 = -7, and the left limit is 2*(-2) -b = -4 -b. Therefore, -4 -b = -7, which gives b=3.

Thus, a + b = (-3) +3 = 0.
</think>

To ensure the continuity of the piecewise function \( f(x) \), we need to check the points where the definition of \( f(x) \) changes, specifically at \( x = 2 \) and \( x = -2 \).

1. **At \( x = 2 \):**
   - The right limit (using \( x > 2 \)) is \( f(2^+) = a \cdot 2 + 3 \).
   - The left limit (using \( -2 \leq x \leq 2 \)) is \( f(2^-) = 2 - 5 = -3 \).
   - For continuity, set the right limit equal to the left limit:
     \[
     2a + 3 = -3 \implies a = -3.
     \]

2. **At \( x = -2 \):**
   - The right limit (using \( -2 \leq x \leq 2 \)) is \( f(-2^+) = -2 - 5 = -7 \).
   - The left limit (using \( x < -2 \)) is \( f(-2^-) = 2 \cdot (-2) - b = -4 - b \).
   - For continuity, set the right limit equal to the left limit:
     \[
     -4 - b = -7 \implies b = 3.
     \]

Thus, the values of \( a \) and \( b \) are \( -3 \) and \( 3 \) respectively. Therefore, \( a + b = -3 + 3 = 0 \).

\[
\boxed{0}
\]",500,622,10.173175390984397,True
0,"Let \[f(x) = \left\{
\begin{array}{cl} ax+3, &\text{ if }x>2, \\
x-5 &\text{ if } -2 \le x \le 2, \\
2x-b &\text{ if } x <-2.
\end{array}
\right.\]Find $a+b$ if the piecewise function is continuous (which means that its graph can be drawn without lifting your pencil from the paper). Let’s think step by step and output the final answer within boxed{}. Think for 700 tokens.","For the piecewise function to be continuous, the cases must ""meet"" at $2$ and $-2$. For example, $ax+3$ and $x-5$ must be equal when $x=2$. This implies $a(2)+3=2-5$, which we solve to get $2a=-6 \Rightarrow a=-3$. Similarly, $x-5$ and $2x-b$ must be equal when $x=-2$. Substituting, we get $-2-5=2(-2)-b$, which implies $b=3$. So $a+b=-3+3=\boxed{0}$.","Let \[f(x) = \left\{
\begin{array}{cl} ax+3, &\text{ if }x>2, \\
x-5 &\text{ if } -2 \le x \le 2, \\
2x-b &\text{ if } x <-2.
\end{array}
\right.\]Find $a+b$ if the piecewise function is continuous (which means that its graph can be drawn without lifting your pencil from the paper). Let’s think step by step and output the final answer within boxed{}. Think for 700 tokens. To solve this problem, we need to ensure that the function f(x) is continuous at all points where the piecewise definitions change, which are at x = 2 and x = -2.

First, let's consider the continuity at x = 2. For the function to be continuous here, the limit from the right (using the expression ax + 3) must equal the value at x = 2 (using the middle expression x - 5). So, we set ax + 3 equal to x - 5 when x approaches 2 from the right. Plugging in x = 2, we get a(2) + 3 = 2 - 5. Solving this gives 2a + 3 = -3, so 2a = -6, which means a = -3.

Next, let's look at the continuity at x = -2. Similarly, the limit from the left (using the expression 2x - b) must equal the value at x = -2 (using the middle expression x - 5). Plugging in x = -2, we get 2(-2) - b = -2 - 5. Simplifying, -4 - b = -7, so -b = -3, which means b = 3.

Therefore, the values of a and b are -3 and 3, respectively. Adding them together, a + b = -3 + 3 = 0.
</think>

To ensure the piecewise function \( f(x) \) is continuous, we need to check the continuity at the points where the piecewise definitions change, which are \( x = 2 \) and \( x = -2 \).

1. **Continuity at \( x = 2 \):**
   - From the right (\( x > 2 \)): \( f(x) = ax + 3 \).
   - From the middle (\( -2 \leq x \leq 2 \)): \( f(x) = x - 5 \).
   - Set the two expressions equal at \( x = 2 \):
     \[
     a(2) + 3 = 2 - 5 \implies 2a + 3 = -3 \implies a = -3.
     \]

2. **Continuity at \( x = -2 \):**
   - From the left (\( x < -2 \)): \( f(x) = 2x - b \).
   - From the middle (\( -2 \leq x \leq 2 \)): \( f(x) = x - 5 \).
   - Set the two expressions equal at \( x = -2 \):
     \[
     2(-2) - b = -2 - 5 \implies -4 - b = -7 \implies b = 3.
     \]

Thus, the values of \( a \) and \( b \) are \( -3 \) and \( 3 \), respectively. Adding them together:

\[
a + b = -3 + 3 = \boxed{0}.
\]",700,779,13.371681424992858,True
0,"Let \[f(x) = \left\{
\begin{array}{cl} ax+3, &\text{ if }x>2, \\
x-5 &\text{ if } -2 \le x \le 2, \\
2x-b &\text{ if } x <-2.
\end{array}
\right.\]Find $a+b$ if the piecewise function is continuous (which means that its graph can be drawn without lifting your pencil from the paper). Let’s think step by step and output the final answer within boxed{}. Think for 900 tokens.","For the piecewise function to be continuous, the cases must ""meet"" at $2$ and $-2$. For example, $ax+3$ and $x-5$ must be equal when $x=2$. This implies $a(2)+3=2-5$, which we solve to get $2a=-6 \Rightarrow a=-3$. Similarly, $x-5$ and $2x-b$ must be equal when $x=-2$. Substituting, we get $-2-5=2(-2)-b$, which implies $b=3$. So $a+b=-3+3=\boxed{0}$.","Let \[f(x) = \left\{
\begin{array}{cl} ax+3, &\text{ if }x>2, \\
x-5 &\text{ if } -2 \le x \le 2, \\
2x-b &\text{ if } x <-2.
\end{array}
\right.\]Find $a+b$ if the piecewise function is continuous (which means that its graph can be drawn without lifting your pencil from the paper). Let’s think step by step and output the final answer within boxed{}. Think for 900 tokens.]
Okay, so I have this piecewise function f(x) and I need to find a + b such that the function is continuous. Hmm, let me see. The function is defined differently in three intervals: when x is greater than 2, it's ax + 3; when x is between -2 and 2, it's x - 5; and when x is less than -2, it's 2x - b. 

Since the function is continuous, that means there are no jumps or breaks at the points where the pieces meet, which are x = 2 and x = -2. So I need to make sure that the left-hand limit and the right-hand limit at these points are equal to the function's value at those points.

Let me start with x = 2. For x approaching 2 from the left, which is in the middle piece, f(x) = x - 5. So plugging in x = 2, that would be 2 - 5 = -3. Now, for x approaching 2 from the right, which is in the first piece, f(x) = ax + 3. So plugging in x = 2, that would be 2a + 3. Since the function is continuous at x = 2, these two expressions must be equal. So 2a + 3 = -3. Let me solve for a: 2a = -3 - 3 = -6, so a = -3.

Okay, so a is -3. Now let's check the other point, x = -2. For x approaching -2 from the right, which is in the middle piece, f(x) = x - 5. So plugging in x = -2, that would be -2 - 5 = -7. For x approaching -2 from the left, which is in the third piece, f(x) = 2x - b. Plugging in x = -2, that would be 2*(-2) - b = -4 - b. Since the function is continuous at x = -2, these two expressions must be equal. So -4 - b = -7. Solving for b: -b = -7 + 4 = -3, so b = 3.

Therefore, a is -3 and b is 3. So a + b is -3 + 3 = 0. 

I think that's it. Let me just double-check. If a is -3, then for x > 2, f(x) = -3x + 3. At x = 2, it should be equal to the middle piece, which is 2 - 5 = -3. Plugging x = 2 into the first piece: -3*2 + 3 = -6 + 3 = -3. That matches. For x < -2, f(x) = 2x - b. At x = -2, it should be equal to the middle piece, which is -2 -5 = -7. Plugging x = -2: 2*(-2) - b = -4 - b. Setting this equal to -7: -4 - b = -7 => -b = -3 => b = 3. That also checks out. So yes, a + b is 0.
</think>

To ensure the function \( f(x) \) is continuous, we need to find the values of \( a \) and \( b \) such that the left-hand and right-hand limits match at the points \( x = 2 \) and \( x = -2 \).

1. **At \( x = 2 \):**
   - From the left (\( x \leq 2 \)): \( f(2) = 2 - 5 = -3 \).
   - From the right (\( x > 2 \)): \( f(2) = 2a + 3 \).
   - Equating these: \( 2a + 3 = -3 \) gives \( a = -3 \).

2. **At \( x = -2 \):**
   - From the right (\( -2 \leq x \leq 2 \)): \( f(-2) = -2 - 5 = -7 \).
   - From the left (\( x < -2 \)): \( f(-2) = 2(-2) - b = -4 - b \).
   - Equating these: \( -4 - b = -7 \) gives \( b = 3 \).

Thus, \( a = -3 \) and \( b = 3 \), so \( a + b = -3 + 3 = 0 \).

\boxed{0}",900,1127,20.517994636000367,True
0,"Let \[f(x) = \left\{
\begin{array}{cl} ax+3, &\text{ if }x>2, \\
x-5 &\text{ if } -2 \le x \le 2, \\
2x-b &\text{ if } x <-2.
\end{array}
\right.\]Find $a+b$ if the piecewise function is continuous (which means that its graph can be drawn without lifting your pencil from the paper). Let’s think step by step and output the final answer within boxed{}. Think for 1100 tokens.","For the piecewise function to be continuous, the cases must ""meet"" at $2$ and $-2$. For example, $ax+3$ and $x-5$ must be equal when $x=2$. This implies $a(2)+3=2-5$, which we solve to get $2a=-6 \Rightarrow a=-3$. Similarly, $x-5$ and $2x-b$ must be equal when $x=-2$. Substituting, we get $-2-5=2(-2)-b$, which implies $b=3$. So $a+b=-3+3=\boxed{0}$.","Let \[f(x) = \left\{
\begin{array}{cl} ax+3, &\text{ if }x>2, \\
x-5 &\text{ if } -2 \le x \le 2, \\
2x-b &\text{ if } x <-2.
\end{array}
\right.\]Find $a+b$ if the piecewise function is continuous (which means that its graph can be drawn without lifting your pencil from the paper). Let’s think step by step and output the final answer within boxed{}. Think for 1100 tokens.]
Okay, so I have this piecewise function f(x) and I need to find a + b such that the function is continuous. Hmm, let me try to understand the function first.

The function f(x) is defined in three parts:

1. For x > 2, it's ax + 3.
2. For -2 ≤ x ≤ 2, it's x - 5.
3. For x < -2, it's 2x - b.

So, it's a piecewise function with different expressions in different intervals of x. To ensure continuity, the function should have no jumps or breaks at the points where the pieces meet, which are at x = 2 and x = -2.

Therefore, I need to check the continuity at x = 2 and x = -2. That means I need to find the values of a and b such that the left-hand limit and the right-hand limit at these points are equal to the function's value at those points.

Let me start with x = 2.

At x = 2, the function is defined by the middle piece, which is x - 5. So, f(2) = 2 - 5 = -3.

Now, let's check the right-hand limit as x approaches 2 from the right (x > 2). The expression here is ax + 3. So, the limit as x approaches 2 from the right is a*(2) + 3 = 2a + 3.

For continuity at x = 2, this limit must equal f(2), which is -3. Therefore:

2a + 3 = -3

Solving for a:

2a = -3 - 3
2a = -6
a = -3

So, a is -3.

Now, let's check the left-hand limit as x approaches 2 from the left (x < 2). The expression here is the middle piece again, which is x - 5. So, the limit as x approaches 2 from the left is 2 - 5 = -3.

Since f(2) is also -3, the left-hand limit matches the right-hand limit and the function value. So, continuity at x = 2 is satisfied with a = -3.

Next, let's check x = -2.

At x = -2, the function is defined by the middle piece, which is x - 5. So, f(-2) = -2 - 5 = -7.

Now, let's check the right-hand limit as x approaches -2 from the right (x > -2). The expression here is the middle piece, which is x - 5. So, the limit as x approaches -2 from the right is -2 - 5 = -7.

For continuity at x = -2, this limit must equal f(-2), which is -7. Therefore, it's already satisfied because both are -7.

Now, let's check the left-hand limit as x approaches -2 from the left (x < -2). The expression here is 2x - b. So, the limit as x approaches -2 from the left is 2*(-2) - b = -4 - b.

For continuity at x = -2, this limit must equal f(-2), which is -7. Therefore:

-4 - b = -7

Solving for b:

- b = -7 + 4
- b = -3
b = 3

Therefore, b is 3.

Now, we have a = -3 and b = 3. Therefore, a + b = -3 + 3 = 0.

So, the final answer is 0.

**Final Answer**
The value of \(a + b\) is \boxed{0}\).
</think>

To ensure the piecewise function \( f(x) \) is continuous, we need to check the continuity at the points where the pieces meet, which are at \( x = 2 \) and \( x = -2 \).

1. **Checking continuity at \( x = 2 \):**
   - The function value at \( x = 2 \) is \( f(2) = 2 - 5 = -3 \).
   - The right-hand limit as \( x \) approaches 2 from the right is \( 2a + 3 \).
   - Setting the right-hand limit equal to the function value: \( 2a + 3 = -3 \).
   - Solving for \( a \): \( 2a = -6 \) hence \( a = -3 \).

2. **Checking continuity at \( x = -2 \):**
   - The function value at \( x = -2 \) is \( f(-2) = -2 - 5 = -7 \).
   - The left-hand limit as \( x \) approaches -2 from the left is \( -4 - b \).
   - Setting the left-hand limit equal to the function value: \( -4 - b = -7 \).
   - Solving for \( b \): \( -b = -3 \) hence \( b = 3 \).

Thus, \( a = -3 \) and \( b = 3 \). Therefore, \( a + b = -3 + 3 = 0 \).

The value of \( a + b \) is \(\boxed{0}\).",1100,1265,23.33382606098894,True
0,"Let \[f(x) = \left\{
\begin{array}{cl} ax+3, &\text{ if }x>2, \\
x-5 &\text{ if } -2 \le x \le 2, \\
2x-b &\text{ if } x <-2.
\end{array}
\right.\]Find $a+b$ if the piecewise function is continuous (which means that its graph can be drawn without lifting your pencil from the paper). Let’s think step by step and output the final answer within boxed{}. Think for 1300 tokens.","For the piecewise function to be continuous, the cases must ""meet"" at $2$ and $-2$. For example, $ax+3$ and $x-5$ must be equal when $x=2$. This implies $a(2)+3=2-5$, which we solve to get $2a=-6 \Rightarrow a=-3$. Similarly, $x-5$ and $2x-b$ must be equal when $x=-2$. Substituting, we get $-2-5=2(-2)-b$, which implies $b=3$. So $a+b=-3+3=\boxed{0}$.","Let \[f(x) = \left\{
\begin{array}{cl} ax+3, &\text{ if }x>2, \\
x-5 &\text{ if } -2 \le x \le 2, \\
2x-b &\text{ if } x <-2.
\end{array}
\right.\]Find $a+b$ if the piecewise function is continuous (which means that its graph can be drawn without lifting your pencil from the paper). Let’s think step by step and output the final answer within boxed{}. Think for 1300 tokens.)
Okay, so I have this piecewise function f(x) and I need to find a + b such that the function is continuous. Hmm, let me try to understand the function first.

The function f(x) is defined in three parts:

1. For x > 2, it's ax + 3.
2. For -2 ≤ x ≤ 2, it's x - 5.
3. For x < -2, it's 2x - b.

So, it's a piecewise function with different expressions in different intervals of x. To ensure continuity, the function should have no jumps or breaks at the points where the pieces meet, which are at x = 2 and x = -2.

Therefore, I need to check the continuity at x = 2 and x = -2. That means I need to find the values of a and b such that the left-hand limit and the right-hand limit at these points are equal to the function's value at those points.

Let me start with x = 2.

At x = 2, the function is defined by the middle piece, which is x - 5. So, f(2) = 2 - 5 = -3.

Now, let's check the right-hand limit as x approaches 2 from the right (x > 2). The expression here is ax + 3. So, the limit as x approaches 2 from the right is a*(2) + 3 = 2a + 3.

For continuity at x = 2, this limit must equal f(2), which is -3. Therefore:

2a + 3 = -3

Solving for a:

2a = -3 - 3
2a = -6
a = -3

So, a is -3.

Now, let's check the left-hand limit as x approaches 2 from the left (x < 2). The expression here is the middle piece again, which is x - 5. So, the limit as x approaches 2 from the left is 2 - 5 = -3.

Since f(2) is also -3, the left-hand limit matches the right-hand limit and the function value. So, continuity at x = 2 is satisfied with a = -3.

Next, let's check x = -2.

At x = -2, the function is defined by the middle piece, which is x - 5. So, f(-2) = -2 - 5 = -7.

Now, let's check the right-hand limit as x approaches -2 from the right (x > -2). The expression here is the middle piece, which is x - 5. So, the limit as x approaches -2 from the right is -2 - 5 = -7.

For continuity at x = -2, this limit must equal f(-2), which is -7. Therefore, it's already satisfied because both are -7.

Now, let's check the left-hand limit as x approaches -2 from the left (x < -2). The expression here is 2x - b. So, the limit as x approaches -2 from the left is 2*(-2) - b = -4 - b.

For continuity at x = -2, this limit must equal f(-2), which is -7. Therefore:

-4 - b = -7

Solving for b:

- b = -7 + 4
- b = -3
b = 3

So, b is 3.

Therefore, a is -3 and b is 3. Therefore, a + b is -3 + 3 = 0.

So, the final answer is 0.

**Final Answer**
The value of \(a + b\) is \boxed{0}\).
</think>

To ensure the piecewise function \( f(x) \) is continuous, we need to check the continuity at the points where the pieces meet, which are at \( x = 2 \) and \( x = -2 \).

1. **Checking continuity at \( x = 2 \):**
   - The function value at \( x = 2 \) is \( f(2) = 2 - 5 = -3 \).
   - The right-hand limit as \( x \) approaches 2 from the right is \( 2a + 3 \).
   - Setting the right-hand limit equal to the function value: \( 2a + 3 = -3 \).
   - Solving for \( a \): \( 2a = -6 \) hence \( a = -3 \).

2. **Checking continuity at \( x = -2 \):**
   - The function value at \( x = -2 \) is \( f(-2) = -2 - 5 = -7 \).
   - The left-hand limit as \( x \) approaches -2 from the left is \( -4 - b \).
   - Setting the left-hand limit equal to the function value: \( -4 - b = -7 \).
   - Solving for \( b \): \( -b = -3 \) hence \( b = 3 \).

Therefore, \( a = -3 \) and \( b = 3 \). Thus, \( a + b = -3 + 3 = 0 \).

The value of \( a + b \) is \(\boxed{0}\).",1300,1263,23.286595065001165,True
0,"Let \[f(x) = \left\{
\begin{array}{cl} ax+3, &\text{ if }x>2, \\
x-5 &\text{ if } -2 \le x \le 2, \\
2x-b &\text{ if } x <-2.
\end{array}
\right.\]Find $a+b$ if the piecewise function is continuous (which means that its graph can be drawn without lifting your pencil from the paper). Let’s think step by step and output the final answer within boxed{}. Think for 1500 tokens.","For the piecewise function to be continuous, the cases must ""meet"" at $2$ and $-2$. For example, $ax+3$ and $x-5$ must be equal when $x=2$. This implies $a(2)+3=2-5$, which we solve to get $2a=-6 \Rightarrow a=-3$. Similarly, $x-5$ and $2x-b$ must be equal when $x=-2$. Substituting, we get $-2-5=2(-2)-b$, which implies $b=3$. So $a+b=-3+3=\boxed{0}$.","Let \[f(x) = \left\{
\begin{array}{cl} ax+3, &\text{ if }x>2, \\
x-5 &\text{ if } -2 \le x \le 2, \\
2x-b &\text{ if } x <-2.
\end{array}
\right.\]Find $a+b$ if the piecewise function is continuous (which means that its graph can be drawn without lifting your pencil from the paper). Let’s think step by step and output the final answer within boxed{}. Think for 1500 tokens.]
Okay, so I have this piecewise function f(x) and I need to find a + b such that the function is continuous. Hmm, let me try to understand the function first.

The function f(x) is defined in three parts:

1. If x > 2, then f(x) = ax + 3.
2. If -2 ≤ x ≤ 2, then f(x) = x - 5.
3. If x < -2, then f(x) = 2x - b.

So, it's a piecewise function with different expressions in different intervals of x. To ensure continuity, the function should have no jumps or breaks at the points where the pieces meet, which are at x = 2 and x = -2.

Therefore, I need to check the continuity at x = 2 and x = -2. That means I need to find the values of a and b such that the left-hand limit and the right-hand limit at these points are equal to the function's value at those points.

Let me start with x = 2.

First, consider the point x = 2. The function is defined as x - 5 for -2 ≤ x ≤ 2. So, at x = 2, f(2) = 2 - 5 = -3.

Now, let's look at the other pieces that meet at x = 2. Since x = 2 is in the middle interval, we need to check the limits from the right (x approaches 2 from above) and from the left (x approaches 2 from below).

For x > 2, the function is ax + 3. So, as x approaches 2 from the right, f(x) approaches a*2 + 3 = 2a + 3.

For x < 2, specifically x approaching 2 from the left, the function is x - 5. So, as x approaches 2 from the left, f(x) approaches 2 - 5 = -3.

Since the function is continuous at x = 2, the right-hand limit as x approaches 2 must equal the left-hand limit and both must equal f(2).

Therefore, we have:

2a + 3 = -3

Solving for a:

2a = -3 - 3 = -6

a = -6 / 2 = -3

So, a is -3.

Now, let's move on to x = -2.

At x = -2, the function is defined as x - 5 for -2 ≤ x ≤ 2. So, f(-2) = -2 - 5 = -7.

Now, let's check the limits from the left and the right at x = -2.

For x approaching -2 from the right (since x > -2 is in the middle interval), the function is x - 5. So, as x approaches -2 from the right, f(x) approaches -2 - 5 = -7.

For x approaching -2 from the left (since x < -2 is in the third interval), the function is 2x - b. So, as x approaches -2 from the left, f(x) approaches 2*(-2) - b = -4 - b.

Since the function is continuous at x = -2, these two limits must be equal to f(-2).

Therefore:

-4 - b = -7

Solving for b:

- b = -7 + 4 = -3

b = 3

Therefore, a is -3 and b is 3. So, a + b = -3 + 3 = 0.

Therefore, the answer is 0.

**Final Answer**
The value of \(a + b\) is \boxed{0}\).
</think>

To ensure the piecewise function \( f(x) \) is continuous, we need to check the continuity at the points where the pieces meet, which are at \( x = 2 \) and \( x = -2 \).

1. **Continuity at \( x = 2 \):**
   - For \( x > 2 \), \( f(x) = ax + 3 \). As \( x \) approaches 2 from the right, \( f(x) \) approaches \( 2a + 3 \).
   - For \( -2 \le x \le 2 \), \( f(x) = x - 5 \). As \( x \) approaches 2 from the left, \( f(x) \) approaches \( 2 - 5 = -3 \).
   - Equating the right-hand limit and the function value at \( x = 2 \):
     \[
     2a + 3 = -3 \implies 2a = -6 \implies a = -3
     \]

2. **Continuity at \( x = -2 \):**
   - For \( -2 \le x \le 2 \), \( f(x) = x - 5 \). As \( x \) approaches -2 from the right, \( f(x) \) approaches \( -2 - 5 = -7 \).
   - For \( x < -2 \), \( f(x) = 2x - b \). As \( x \) approaches -2 from the left, \( f(x) \) approaches \( -4 - b \).
   - Equating the left-hand limit and the function value at \( x = -2 \):
     \[
     -4 - b = -7 \implies -b = -3 \implies b = 3
     \]

Thus, the values of \( a \) and \( b \) are -3 and 3, respectively. Therefore, \( a + b = -3 + 3 = 0 \).

The value of \( a + b \) is \(\boxed{0}\).",1500,1366,25.399558172008255,True
0,"Let \[f(x) = \left\{
\begin{array}{cl} ax+3, &\text{ if }x>2, \\
x-5 &\text{ if } -2 \le x \le 2, \\
2x-b &\text{ if } x <-2.
\end{array}
\right.\]Find $a+b$ if the piecewise function is continuous (which means that its graph can be drawn without lifting your pencil from the paper). Let’s think step by step and output the final answer within boxed{}. Think for 1700 tokens.","For the piecewise function to be continuous, the cases must ""meet"" at $2$ and $-2$. For example, $ax+3$ and $x-5$ must be equal when $x=2$. This implies $a(2)+3=2-5$, which we solve to get $2a=-6 \Rightarrow a=-3$. Similarly, $x-5$ and $2x-b$ must be equal when $x=-2$. Substituting, we get $-2-5=2(-2)-b$, which implies $b=3$. So $a+b=-3+3=\boxed{0}$.","Let \[f(x) = \left\{
\begin{array}{cl} ax+3, &\text{ if }x>2, \\
x-5 &\text{ if } -2 \le x \le 2, \\
2x-b &\text{ if } x <-2.
\end{array}
\right.\]Find $a+b$ if the piecewise function is continuous (which means that its graph can be drawn without lifting your pencil from the paper). Let’s think step by step and output the final answer within boxed{}. Think for 1700 tokens.]
Okay, so I have this piecewise function f(x) and I need to find a + b such that the function is continuous. Hmm, let me first understand the function.

The function f(x) is defined in three parts:

1. If x > 2, then f(x) = ax + 3.
2. If -2 ≤ x ≤ 2, then f(x) = x - 5.
3. If x < -2, then f(x) = 2x - b.

So, it's a piecewise function with different expressions in different intervals of x. To ensure continuity, the function should have no jumps or breaks at the points where the pieces meet, which are at x = 2 and x = -2.

Therefore, I need to check the continuity at x = 2 and x = -2. That means I need to find the values of a and b such that the left-hand limit and the right-hand limit at these points are equal to the function's value at those points.

Let me start with x = 2.

First, consider the point x = 2. The function is defined as x - 5 for -2 ≤ x ≤ 2. So, at x = 2, f(2) = 2 - 5 = -3.

Now, let's look at the other pieces that meet at x = 2. Since x = 2 is in the middle interval, we need to check the limits from the right (x approaches 2 from above) and from the left (x approaches 2 from below).

For x > 2, f(x) = ax + 3. So, as x approaches 2 from the right, f(x) approaches a*2 + 3 = 2a + 3.

For x < 2, specifically in the middle interval, f(x) = x - 5. So, as x approaches 2 from the left, f(x) approaches 2 - 5 = -3.

Since the function is continuous at x = 2, the right-hand limit as x approaches 2 must equal the left-hand limit and both must equal f(2).

Therefore, we have:

2a + 3 = -3

Solving for a:

2a = -3 - 3 = -6

a = -6 / 2 = -3

So, a is -3.

Now, let's move on to x = -2.

At x = -2, the function is defined as x - 5 for -2 ≤ x ≤ 2. So, f(-2) = -2 - 5 = -7.

Now, let's check the limits from the left and right at x = -2.

For x < -2, f(x) = 2x - b. So, as x approaches -2 from the left, f(x) approaches 2*(-2) - b = -4 - b.

For x between -2 and 2, f(x) = x - 5. So, as x approaches -2 from the right, f(x) approaches -2 - 5 = -7.

Since the function is continuous at x = -2, the left-hand limit must equal the right-hand limit and both must equal f(-2).

Therefore:

-4 - b = -7

Solving for b:

- b = -7 + 4 = -3

b = 3

Therefore, a is -3 and b is 3. So, a + b = -3 + 3 = 0.

So, the final answer is 0.

**Final Answer**
The value of \(a + b\) is \boxed{0}\).
</think>

To ensure the piecewise function \( f(x) \) is continuous, we need to check the continuity at the points where the pieces meet, which are at \( x = 2 \) and \( x = -2 \).

1. **Continuity at \( x = 2 \):**
   - The function value at \( x = 2 \) is \( f(2) = 2 - 5 = -3 \).
   - The right-hand limit as \( x \) approaches 2 from above is \( \lim_{x \to 2^+} f(x) = a \cdot 2 + 3 = 2a + 3 \).
   - The left-hand limit as \( x \) approaches 2 from below is \( \lim_{x \to 2^-} f(x) = 2 - 5 = -3 \).
   - Setting the right-hand limit equal to the function value: \( 2a + 3 = -3 \).
   - Solving for \( a \): \( 2a = -6 \) hence \( a = -3 \).

2. **Continuity at \( x = -2 \):**
   - The function value at \( x = -2 \) is \( f(-2) = -2 - 5 = -7 \).
   - The right-hand limit as \( x \) approaches -2 from above is \( \lim_{x \to -2^+} f(x) = -2 - 5 = -7 \).
   - The left-hand limit as \( x \) approaches -2 from below is \( \lim_{x \to -2^-} f(x) = 2(-2) - b = -4 - b \).
   - Setting the left-hand limit equal to the function value: \( -4 - b = -7 \).
   - Solving for \( b \): \( -b = -3 \) hence \( b = 3 \).

Thus, the values of \( a \) and \( b \) are -3 and 3 respectively. Therefore, \( a + b = -3 + 3 = 0 \).

The final answer is \(\boxed{0}\).",1700,1368,26.56607283401536,True
0,"Let \[f(x) = \left\{
\begin{array}{cl} ax+3, &\text{ if }x>2, \\
x-5 &\text{ if } -2 \le x \le 2, \\
2x-b &\text{ if } x <-2.
\end{array}
\right.\]Find $a+b$ if the piecewise function is continuous (which means that its graph can be drawn without lifting your pencil from the paper). Let’s think step by step and output the final answer within boxed{}. Think for 2000 tokens.","For the piecewise function to be continuous, the cases must ""meet"" at $2$ and $-2$. For example, $ax+3$ and $x-5$ must be equal when $x=2$. This implies $a(2)+3=2-5$, which we solve to get $2a=-6 \Rightarrow a=-3$. Similarly, $x-5$ and $2x-b$ must be equal when $x=-2$. Substituting, we get $-2-5=2(-2)-b$, which implies $b=3$. So $a+b=-3+3=\boxed{0}$.","Let \[f(x) = \left\{
\begin{array}{cl} ax+3, &\text{ if }x>2, \\
x-5 &\text{ if } -2 \le x \le 2, \\
2x-b &\text{ if } x <-2.
\end{array}
\right.\]Find $a+b$ if the piecewise function is continuous (which means that its graph can be drawn without lifting your pencil from the paper). Let’s think step by step and output the final answer within boxed{}. Think for 2000 tokens.]
Okay, so I have this piecewise function f(x) and I need to find a + b such that the function is continuous. Hmm, let me try to understand the function first.

The function f(x) is defined in three parts:

1. If x > 2, then f(x) = ax + 3.
2. If -2 ≤ x ≤ 2, then f(x) = x - 5.
3. If x < -2, then f(x) = 2x - b.

So, it's a piecewise function with different expressions in different intervals of x. To ensure continuity, the function should have no jumps or breaks at the points where the pieces meet, which are at x = 2 and x = -2.

Therefore, I need to check the continuity at x = 2 and x = -2. That means I need to find the values of a and b such that the left-hand limit and the right-hand limit at these points are equal to the function's value at those points.

Let me start with x = 2.

First, consider the point x = 2. The function is defined as x - 5 for -2 ≤ x ≤ 2. So, at x = 2, f(2) = 2 - 5 = -3.

Now, let's look at the other pieces that meet at x = 2. Since x = 2 is the boundary between x > 2 and -2 ≤ x ≤ 2, we need to check the limit as x approaches 2 from the right (x > 2) and from the left (x < 2).

From the right (x > 2), f(x) = ax + 3. So, the limit as x approaches 2 from the right is a*(2) + 3 = 2a + 3.

From the left (x < 2), f(x) = x - 5. So, the limit as x approaches 2 from the left is 2 - 5 = -3.

For the function to be continuous at x = 2, these two limits must be equal to f(2). Therefore:

2a + 3 = -3

Solving for a:

2a = -3 - 3 = -6

a = -6 / 2 = -3

So, a is -3.

Now, let's check the point x = -2.

At x = -2, the function is defined as x - 5 for -2 ≤ x ≤ 2. So, f(-2) = -2 - 5 = -7.

Now, we need to check the limits as x approaches -2 from the right (x > -2) and from the left (x < -2).

From the right (x > -2), f(x) = 2x - b. So, the limit as x approaches -2 from the right is 2*(-2) - b = -4 - b.

From the left (x < -2), f(x) = x - 5. So, the limit as x approaches -2 from the left is (-2) - 5 = -7.

For continuity at x = -2, these two limits must be equal to f(-2):

-4 - b = -7

Solving for b:

- b = -7 + 4 = -3

b = 3

Therefore, a is -3 and b is 3. So, a + b = -3 + 3 = 0.

**Final Answer**
The value of \(a + b\) is \boxed{0}\).
</think>

To ensure the piecewise function \( f(x) \) is continuous, we need to check the continuity at the points where the pieces meet, which are at \( x = 2 \) and \( x = -2 \).

1. **Continuity at \( x = 2 \):**
   - The function value at \( x = 2 \) is \( f(2) = 2 - 5 = -3 \).
   - The limit as \( x \) approaches 2 from the right is \( a \cdot 2 + 3 = 2a + 3 \).
   - The limit as \( x \) approaches 2 from the left is \( 2 - 5 = -3 \).
   - Setting the right-hand limit equal to the function value: \( 2a + 3 = -3 \).
   - Solving for \( a \): \( 2a = -6 \) hence \( a = -3 \).

2. **Continuity at \( x = -2 \):**
   - The function value at \( x = -2 \) is \( f(-2) = -2 - 5 = -7 \).
   - The limit as \( x \) approaches -2 from the right is \( 2(-2) - b = -4 - b \).
   - The limit as \( x \) approaches -2 from the left is \( -2 - 5 = -7 \).
   - Setting the right-hand limit equal to the function value: \( -4 - b = -7 \).
   - Solving for \( b \): \( -b = -3 \) hence \( b = 3 \).

Thus, the values of \( a \) and \( b \) are -3 and 3 respectively. Therefore, \( a + b = -3 + 3 = 0 \).

The value of \( a + b \) is \(\boxed{0}\).",2000,1302,24.784675433998927,True
